--inicio DML
insert into Ciudad (Ciud_id,Ciud_nombre)
values
	(1,'Bogota'),
	(2,'Medellin'),
	(3,'Cali'),
	(4,'Barranquilla'),
	(5,'Bucaramanga'),
	(6,'Soledad'),
	(7,'Soacha'),
	(8,'Cucuta'),
	(9,'Ibague'),
	(10,'Cartagena'),
	(11,'Bello'),
	(12,'Pereira'),
	(13,'Santa Marta'),
	(14,'Villavicencio'),
	(15,'Valledupar'),
	(16,'Pasto'),
	(17,'Monteria'),
	(18,'Manizales'),
	(19,'Buenaventura'),
	(20,'Neiva'),
	(21,'Palmira'),
	(22,'Armenia'),
	(23,'Popayan'),
	(24,'Sincelejo'),
	(25,'FloridaBlanca'),
	(26,'Itagui'),
	(27,'Riohacha'),
	(28,'Tulua'),
	(29,'Envigado');

insert into Localidad (Loca_id,Loca_nombre,Loca_Ciud_id)
values  (1,'Antonio Narinho',1),
		(2,'Barrios Unidos',1),
		(3,'Bosa',1),
		(4,'Chapinero',1),
		(5,'Ciudad Bolivar',1),
		(6,'Engativa',1),
		(7,'Fontibon',1),
		(8,'Kennedy',1),
		(9,'Candelaria',1),
		(10,'Martires',1),
		(11,'Puente Aranda',1),
		(12,'Rafael Uribe Uribe',1),
		(13,'San Cristobal',1),
		(14,'Santa Fe',1),
		(15,'Suba',1),
		(16,'Sumapaz',1),
		(17,'Teusaquillo',1),
		(18,'Tunjuelito',1),
		(19,'Usaquen',1),
		(20,'Usme',1);


insert into Carrera (Carr_codigo,Carr_nombre)
values  (79,'tecnologia en construcciones civiles'),
		(72,'tecnologia en electricidad'),
		(73,'tecnologia en electronica'),
		(77,'tecnologia en industrial'),
		(74,'tecnologia en mecanica'),
		(78,'tecnologia en sistematizacion de datos'),
		(372,'ingenieria electrica'),
		(377,'ingenieria de produccion'),
		(375,'ingenieria mecanica'),
		(279,'ingenieria civil'),
		(378,'ingenieria en telematica'),
		(383,'ingenieria en control'),
		(373,'ingenieria en telecomunicaciones'),
		(573,'tecnologia en electronica');

insert into Docente (Doce_id,Doce_nombre,Doce_apellido,Doce_correo)
	values 	(1,'NORBERTO','NOVOA TORRES', 'nnovoat@gmail.com'),
			(2,'DARIN JAIRO','MOSQUERA PALACIOS','djmosquerap@udistrital.edu.co'),
			(3,'CARLOS ALBERTO','VANEGAS','cavanegas@udistrital.edu.co'),
			(4,'SONIA MILENA','GIL SUAREZ','smgils@unal.edu.co'),
			(5,'JORGE ADELMO','HERNANDEZ PARDO','jahernandezp@udistrital.edu.co'),
			(6,'JUAN CARLOS','GUEVARA BOLAÑOS','jcguevarab@udistrital.edu.co'),
			(7,'ANDRÉS ERNESTO','MEJÍA VILLAMIL','andreme21@gmail.com'),
			(8,'TOMAS ANTONIO','VASQUEZ ARRIETA','tavasquez@udistrital.edu.co'),
			(9,'ROXMERY','LOZADA ROMERO','rmlozadar@udistrital.edu.co'),
			(10,'JUAN CARLOS','SALAZAR GUALDRON','jcsalazarg@udistrital.edu.co'),
			(11,'LORETH','PEREZ ROJAS','lperez@udistrital.edu.co'),
			(12,'JAIRO ERNESTO','CASTILLO HERNANDEZ','jairocastillo63@yahoo.es'),
			(13,'LUIS EDUARDO','VILLAMIL MENDOZA','levillamil@gmail.com'),
			(14,'LUIS FELIPE','WANUMEN SILVA', 'lwanumen@udistrital.edu.co'),
			(15,'MARCO','REGALIA', 'marcoregalia@hotmail.com'),
			(16,'MARIO ALBERTO','RODRIGUEZ FUENTES','ingenieromarf@hotmail.com'),
			(17,'ROBERTO EMILIO','SALAS RUIZ', 'resalas72@yahoo.com'),
			(18,'JONNY FERNANDO','BARRETO CASTAÑEDA','barreto1167@yahoo.es'),
			(19,'GLORIA ANDREA','CAVANZO','gacavanzon@udistrital.edu.co'),
			(20,'JAIRO','HERNANDEZ GUTIERREZ', 'jairohg@yahoo.com'),
			(21,'NELSON ANTONIO','SANCHEZ LOPEZ', 'nelsonsan1808@gmail.com'),
			(22,'CLAUDIA LILIANA','HERNANDEZ GARCIA','claudiah.udistrital@gmail.com'),
			(23,'CARLOS ENRIQUE','RESTREPO RAMIREZ', 'carloserestrepor@gmail.com'),
			(24,'MIGUEL ANGEL','LEGUIZAMON PAEZ', 'mianlepa@gmail.com'),
			(25,'NELLY PAOLA','PALMA VANEGAS', 'nppalmav@gmail.com'),
			(26,'RICARDO','CASTAÑO TAMARA','rcastanot@udistrital.edu.co'),
			(27,'JOSE LUIS','SILVA SUAREZ', 'soportedigital1@gmail.com'),
			(28,'GERARDO ALBERTO','CASTANG MONTIEL', 'gacastangm@udistrital.edu.co'),
			(29,'GERMAN','BELTRAN MORA', 'gbeltranm@udistrital.edu.co'),
			(30,'EDWARD HERNANDO','BEJARANO BARRETO', 'ingedwardud@hotmail.com'),
			(31,'DIANA ISABEL','MARTINEZ BUITRAGO', 'dianamb19@hotmail.com'),
			(32,'RAMIRO','CHAVEZ DURAN', 'ramichavud@yahoo.es'),
			(33,'DORA MARCELA','MARTINEZ CAMARGO', 'dmmartinezc@udistrital.edu.co'),
			(34,'ROCIO','RODRIGUEZ GUERRERO', 'rrodriguezg@udistrital.edu.co'),
			(35,'JORGE ENRIQUE','RODRIGUEZ RODRIGUEZ', 'jrodri@udistrital.edu.co'),
			(36,'GUSTAVO','BECERRA JURADO', 'gj.gustavo@gmail.com'),
			(37,'FRANCYA INES','GARCIA QUEVEDO', 'francya_gq@yahoo.es'),
			(38,'NELSON ANDRES','REINA CRUZ', 'nelson_reina@msn.com'),
			(39,'CARLOS','LUGO GONZALEZ', 'clugog@udistrital.edu.co'),
			(40,'MARILUZ','ROMERO GARCIA', 'mromerog@udistrital.edu.co'),
			(41,'MARCO AURELIO','RONDON SANTOS', 'marondonsa@unal.edu.co'),
			(42,'JOSE ALBERTO','LIZCANO CONTRERAS', 'jalizcano@hotmail.com'),
			(43,'JOSE VICENTE','REYES MOZO', 'jovireyesm@yahoo.com'),
			(44,'LUZ YAMILE','REYES BONILLA', 'luzyare@gmail.com'),
			(45,'LUIS HERNANDO','PRIETO OLIVARES', 'hernandoprietoolivares@yahoo.com'),
			(46,'EILEEN','BERNAL GARZON', 'letraseileen@yahoo.es'),
			(47,'ALEJANDRA MARITZA','RUSINQUE PADILLA',' almarus16@gmail.com'),
			(48,'MIREYA','BERNAL GOMEZ', 'miregomez3@gmail.com'),
			(49,'NELSON ARMANDO','VARGAS SANCHEZ', 'navargass@yahoo.com'),
			(50,'NELSON REYNALDO','BECERRA CORREA', 'nelson@iiia.csic.es'),
			(51,'ROGER ANDERSON','HURTADO MOJICA', 'rahurtadom@unal.edu.co'),
			(52,'HENRY','LONDOÑO CONTRERAS', 'herlongrey@gmail.com'),
			(53,'FABIAN ALBERTO','CASTIBLANCO RUIZ', 'fabiancaru@gmail.com'),
			(54,'SONIA ALEXANDRA','PINZON NUNEZ', 'spinzon@udistrital.edu.co'),
			(55,'LUIS CARLOS','ROJAS OBANDO', 'luisrojaso15@gmail.com'),
			(56,'MARIBEL','CHIQUIZA OCHOA', 'mchiquizao@udistrital.edu.co'),
			(57,'LUIS ALFONSO','MELO OSPINA', 'contecnologia@yahoo.es'),
			(58,'RAUL GEOVANI','HENAO PILPUD', 'ge_henao@hotmail.com'),
			(59,'HECTOR JULIO','FUQUENE ARDILA', 'hfuquene@udistrital.edu.co'),
			(60,'JOHANNA DEL PILAR','DUEÑAS GALINDO', 'edu.johanna@yahoo.es'),
			(61,'JHON FREDY','PUENTES NUNEZ','jhonpuentes@hotmail.com'),
			(62,'GUEDY YULIETH','PUENTES NOGUERA','gueadypuentes@gmail.com'),
			(63,'KAREN LIZETH','PUENTES CORREA','karen@hotmail.com'),
			(64,'JHON HAROLD','GUERRERO SANTOS','jhonharold@gmail.com'),
			(65,'CARLOS ANDRES','PARRA CACERES','carlosparra@hotmail.com'),
			(66,'ALBEIRO','GONZALEZ TRIANA','albeiro@hotmail.com'),
			(67,'MARINELA','NUNEZ VARGAS','marinela@hotmail.com'),
			(68,'YURANI','CIFUENTES PINZON','yurani@gmail.com'),
			(69,'ARNOL ANDRES','HERRERA BUITRAGO','arnol@gmail.com'),
			(70,'JHON PAUL','CASTELLANOS GONZALEZ','jhonpaul@hotmail.com');


insert into Asignatura (Asig_codigo,Asig_nombre,Asig_Doce_id,Asig_Carr_codigo)
	values 	(1,'Calculo diferencial	',1,78),
			(4,'Catedra Francisco Jose de Caldas',2,78),
			(9,'Algebra Lineal',3,78),
			(12,'Catedra Democracia y Ciudadania',4,78),
			(1054,'Produccion y Comprension de Textos I',5,78),
			(1507,'Introduccion a algoritmos',6,78),
			(1508,'Logica matematica',7,78),
			(3,'Fisica I: Mecanica Newtoniana',8,78),
			(7,'Calculo integral',9,78),
			(1056,'Produccion y comprension de Textos II',10,78),
			(1072,'Administracion',11,78),
			(1082,'Catedra de Contexto',12,78),
			(1513,'Estructura de Datos',13,78),
			(1514,'Programacion Orientada a Objetos',14,78),
			(1503,'Contabilidad General',15,78),
			(1509,'Fundamentos de Organizacion',16,78),	   
			(9901,'Segunda Lengua I - Ingles',17,78),
			(13,'Fisica II: Electromagnetismo',18,78),
			(88,'Ecuaciones Diferenciales',19,78),
			(1060,'Ciencia Tecnologia y Sociedad',20,78),
			(1518,'Programación Multinivel',21,78),
			(1519,'Bases de Datos',22,78),
			(1510,'Fundamentos de Economia',23,78),
			(1511,'Tics en las organizaciones',24,78),
			(1512,'Matemáticas Especiales',25,78),
			(1515,'Analisis y métodos numéricos',26,78),
			(9902,'Segunda Lengua II - Ingles',27,78),
			(1075,'Etica y Sociedad',28,78),
			(1089,'Electiva Ciencias Basicas',29,78),
			(1524,'Programacion Avanzada',30,78),
			(1525,'Bases de Datos Avanzadas',31,78),
			(1526,'Disenio Logico',32,78),
			(1527,'Electiva Economico- Administrativa',33,78),
			(1535,'Transmision de Datos',34,78),
			(1536,'Programacion Web',35,78),
			(1531,'Analisis de Sistemas',36,78),	
			(1532,'Inteligencia Artificial',37,78),
			(1533,'Sistemas Operacionales',38,78),
			(1537,'Taller de Investigacion I',39,78),
			(1542,'Programacion por Componentes',40,78),
			(9903,'Segunda Lengua III - Ingles',41,78),
			(1446,'Trabajo de Grado Tecnologia',42,78),
			(1538,'Ingenieria de Software',43,78),
			(1539,'Arquitectura de Computadores',44,78),
			(1541,'Fundamentos de Telematica',45,78),
			(16,'Calculo Multivariado',46,378),
			(1619,'Ingenieria Economica',47,378),
			(1808,'Probabilidad y Estadíistica',48,378),
			(7208,'Sistemas Distribuidos',49,378),
			(7209,'Teoria General de Sistemas',50,378),
			(1428,'Fisica III: Ondas y Fisica Moderna',51,378),
			(1608,'Formulacion y Evaluacion de Proyectos',52,378),
			(7210,'Analisis de Fourier',53,378),
			(7211,'Redes Corporativas',54,378),
			(7212,'Sistemas Abiertos',55,378),
			(7213,'Teoria de la Informacion',56,378),
			(7219,'Computacion Cuantica',57,378),
			(7220,'Simulacion de Sistemas Dinamicos',58,378),
			(7221,'Criptologia',59,378),
			(7222,'Investigacion de Operaciones',60,378),
			(1670,'Taller de Investigacion II',61,378),
			(7214,'Planificacion y Disenio de Redes',62,378),
			(7215,'Redes de Alta Velocidad',63,378),
			(7216,'Seguridad en Redes',64,378),
			(7223,'Analisis de Datos',65,378),
			(7224,'Bioinformatica',66,378),
			(7225,'Seminario de Telematica',67,378),
			(7226,'Redes Inalambricas',68,378),
			(1831,'Trabajo de Grado Ingenieria',69,378),
			(7217,'Gerencia y Auditoria en Redes',70,378);